gs://desafio-felipe-moreira/futebol/1.jpg,futebol
gs://desafio-felipe-moreira/futebol/2.jpg,futebol
gs://desafio-felipe-moreira/futebol/3.jpg,futebol
gs://desafio-felipe-moreira/futebol/4.jpg,futebol
gs://desafio-felipe-moreira/futebol/5.jpeg,futebol
gs://desafio-felipe-moreira/futebol/6.jpg,futebol
gs://desafio-felipe-moreira/futebol/7.jpg,futebol
gs://desafio-felipe-moreira/futebol/8.jpg,futebol
gs://desafio-felipe-moreira/futebol/9.jpg,futebol
gs://desafio-felipe-moreira/futebol/10.jpg,futebol
gs://desafio-felipe-moreira/futebol/11.jpg,futebol
gs://desafio-felipe-moreira/futebol/12.jpg,futebol
gs://desafio-felipe-moreira/futebol/13.jpg,futebol
gs://desafio-felipe-moreira/futebol/14.jpg,futebol
gs://desafio-felipe-moreira/futebol/15.jpg,futebol
gs://desafio-felipe-moreira/futebol/16.jpg,futebol
gs://desafio-felipe-moreira/futebol/17.jpg,futebol
gs://desafio-felipe-moreira/futebol/18.jpg,futebol
gs://desafio-felipe-moreira/futebol/19.jpg,futebol
gs://desafio-felipe-moreira/futebol/20.jpg,futebol
gs://desafio-felipe-moreira/futebol/21.jpeg,futebol
gs://desafio-felipe-moreira/futebol/22.jpg,futebol
gs://desafio-felipe-moreira/futebol/23.jpg,futebol
gs://desafio-felipe-moreira/tenis/1.jpeg,tenis
gs://desafio-felipe-moreira/tenis/2.jpg,tenis
gs://desafio-felipe-moreira/tenis/3.jpg,tenis
gs://desafio-felipe-moreira/tenis/4.jpg,tenis
gs://desafio-felipe-moreira/tenis/5.jpg,tenis
gs://desafio-felipe-moreira/tenis/6.jpg,tenis
gs://desafio-felipe-moreira/tenis/7.jpg,tenis
gs://desafio-felipe-moreira/tenis/8.jpg,tenis
gs://desafio-felipe-moreira/tenis/9.jpg,tenis
gs://desafio-felipe-moreira/tenis/10.jpg,tenis
gs://desafio-felipe-moreira/tenis/11.jpg,tenis
gs://desafio-felipe-moreira/tenis/12.png,tenis
gs://desafio-felipe-moreira/tenis/13.jpeg,tenis
gs://desafio-felipe-moreira/tenis/14.jpg,tenis
gs://desafio-felipe-moreira/tenis/15.jpg,tenis
gs://desafio-felipe-moreira/tenis/16.jpg,tenis
gs://desafio-felipe-moreira/tenis/17.jpg,tenis
gs://desafio-felipe-moreira/tenis/18.jpg,tenis
gs://desafio-felipe-moreira/tenis/19.jpg,tenis
gs://desafio-felipe-moreira/tenis/20.jpg,tenis
gs://desafio-felipe-moreira/tenis/21.jpg,tenis
gs://desafio-felipe-moreira/tenis/22.jpg,tenis
gs://desafio-felipe-moreira/tenis/23.jpg,tenis
gs://desafio-felipe-moreira/volei/1.png,volei
gs://desafio-felipe-moreira/volei/2.png,volei
gs://desafio-felipe-moreira/volei/3.jpg,volei
gs://desafio-felipe-moreira/volei/4.jpg,volei
gs://desafio-felipe-moreira/volei/5.png,volei
gs://desafio-felipe-moreira/volei/6.jpg,volei
gs://desafio-felipe-moreira/volei/7.jpg,volei
gs://desafio-felipe-moreira/volei/8.jpeg,volei
gs://desafio-felipe-moreira/volei/9.jpg,volei
gs://desafio-felipe-moreira/volei/10.jpg,volei
gs://desafio-felipe-moreira/volei/11.jpg,volei
gs://desafio-felipe-moreira/volei/12.jpg,volei
gs://desafio-felipe-moreira/volei/13.jpg,volei
gs://desafio-felipe-moreira/volei/14.jpeg,volei
gs://desafio-felipe-moreira/volei/15.jpg,volei
gs://desafio-felipe-moreira/volei/16.jpg,volei
gs://desafio-felipe-moreira/volei/17.jpg,volei
gs://desafio-felipe-moreira/volei/18.jpg,volei
gs://desafio-felipe-moreira/volei/19.png,volei
gs://desafio-felipe-moreira/volei/20.jpg,volei
gs://desafio-felipe-moreira/volei/21.jpg,volei
gs://desafio-felipe-moreira/volei/22.jpg,volei
gs://desafio-felipe-moreira/volei/23.jpg,volei
gs://desafio-felipe-moreira/volei/24.jpg,volei
gs://desafio-felipe-moreira/volei/25.jpg,volei
gs://desafio-felipe-moreira/volei/26.jpg,volei
gs://desafio-felipe-moreira/volei/27.jpg,volei
